1990;amyloid beta-protein precursor;0.054783;['Amino Acid, Peptide, or Protein']
1990;tacrine;0.017391;-
1990;acetylcholinesterase;0.016522;['Amino Acid, Peptide, or Protein', 'Enzyme', 'Laboratory Procedure', 'Gene or Genome']
1990;aluminum;0.015652;-
1990;physostigmine;0.010435;-
1990;hydrocortisone;0.009565;-
1990;acetylcholine;0.009565;['Organic Chemical', 'Biologically Active Substance', 'Pharmacologic Substance', 'Laboratory Procedure']
1990;dopamine;0.007826;-
1990;hydroxyindoleacetic acid;0.007826;-
1990;choline;0.006957;-
1990;immune sera;0.006957;-
1990;glutamic acid;0.006957;['Amino Acid, Peptide, or Protein', 'Biologically Active Substance', 'Pharmacologic Substance', 'Laboratory Procedure']
1990;somatostatin;0.006087;-
1990;serotonin;0.006087;-
1990;neuropeptide y;0.005217;-
1990;nicotine;0.004348;-
1990;alpha 1-antichymotrypsin;0.004348;-
1990;tritium;0.004348;-
1990;zinc;0.004348;['Pharmacologic Substance', 'Element, Ion, or Isotope', 'Laboratory Procedure']
1990;monoamine oxidase;0.004348;-
1990;substance p;0.004348;-
1990;selegiline;0.004348;-
1990;alzheimer's disease antigen;0.004348;-
1990;ibotenic acid;0.003478;-
1990;mapt protein, human;0.003478;['Amino Acid, Peptide, or Protein', 'Biologically Active Substance']
1990;dexamethasone;0.003478;-
1990;kainic acid;0.003478;-
1990;phencyclidine;0.003478;-
1991;amyloid beta-protein precursor;0.069510;['Amino Acid, Peptide, or Protein']
1991;tacrine;0.021327;-
1991;choline o-acetyltransferase;0.015798;-
1991;acetylcholine;0.012638;['Organic Chemical', 'Biologically Active Substance', 'Pharmacologic Substance', 'Laboratory Procedure']
;;;
1991;glucose;0.011848;['Organic Chemical', 'Biologically Active Substance', 'Pharmacologic Substance', 'Laboratory Procedure']
1991;calcium;0.011058;['Biologically Active Substance', 'Pharmacologic Substance', 'Element, Ion, or Isotope', 'Inorganic Chemical', 'Laboratory Procedure', 'Vitamin']
1991;acetylcholinesterase;0.011058;['Amino Acid, Peptide, or Protein', 'Enzyme', 'Laboratory Procedure', 'Gene or Genome']
;;;
1991;physostigmine;0.009479;-
1991;immunoglobulin g;0.009479;-
1991;deoxyglucose;0.009479;-
1991;glial fibrillary acidic protein;0.007109;['Amino Acid, Peptide, or Protein', 'Biologically Active Substance', 'Cell Component', 'Gene or Genome']
1991;fluorodeoxyglucose f18;0.007109;['Organic Chemical', 'Indicator, Reagent, or Diagnostic Aid']
1991;somatostatin;0.006319;-
1991;methoxyhydroxyphenylglycol;0.006319;-
;;;
1991;hydroxyindoleacetic acid;0.006319;-
;;;
;;;
1991;corticotropin-releasing hormone;0.006319;-
;;;
1991;protein kinase c;0.005529;-
1991;silver;0.005529;-
1991;technetium tc 99m exametazime;0.005529;-
1991;homovanillic acid;0.005529;-
1991;selegiline;0.005529;-
1991;alpha 1-antichymotrypsin;0.004739;-
1991;blood glucose;0.004739;-
1991;zinc;0.004739;['Pharmacologic Substance', 'Element, Ion, or Isotope', 'Laboratory Procedure']
1991;nicotine;0.004739;-
1991;adrenocorticotropic hormone;0.004739;-
1991;tritium;0.003949;-
1991;hydrocortisone;0.003949;-
1991;scopolamine hydrobromide;0.003949;-
1991;interleukin-6;0.003949;['Immunologic Factor', 'Amino Acid, Peptide, or Protein', 'Laboratory Procedure', 'Pharmacologic Substance', 'Biologically Active Substance']
;;;
;;;
1991;immune sera;0.003949;-
1991;piracetam;0.003949;-
1991;norepinephrine;0.003949;-
1991;serotonin;0.003949;-
1992;amyloid beta-protein precursor;0.098795;['Amino Acid, Peptide, or Protein']
1992;aluminum;0.029719;-
;;;
;;;
1992;acetylcholinesterase;0.021687;['Amino Acid, Peptide, or Protein', 'Enzyme', 'Laboratory Procedure', 'Gene or Genome']
1992;choline o-acetyltransferase;0.020080;-
1992;tacrine;0.020080;-
1992;rna, messenger;0.018474;['Nucleic Acid, Nucleoside, or Nucleotide', 'Biologically Active Substance']
1992;dna;0.015261;['Nucleic Acid, Nucleoside, or Nucleotide', 'Biologically Active Substance', 'Disease or Syndrome']
1992;acetylcholine;0.010442;['Organic Chemical', 'Biologically Active Substance', 'Pharmacologic Substance', 'Laboratory Procedure']
;;;
;;;
1992;serotonin;0.009639;-
1992;calcium;0.008835;['Biologically Active Substance', 'Pharmacologic Substance', 'Element, Ion, or Isotope', 'Inorganic Chemical', 'Laboratory Procedure', 'Vitamin']
1992;dopamine;0.008032;-
1992;somatostatin;0.008032;-
1992;glucose;0.008032;['Organic Chemical', 'Biologically Active Substance', 'Pharmacologic Substance', 'Laboratory Procedure']
;;;
1992;norepinephrine;0.007229;-
1992;glial fibrillary acidic protein;0.007229;['Amino Acid, Peptide, or Protein', 'Biologically Active Substance', 'Cell Component', 'Gene or Genome']
1992;alpha 1-antichymotrypsin;0.007229;-
1992;iron;0.006426;-
1992;glutamic acid;0.006426;['Amino Acid, Peptide, or Protein', 'Biologically Active Substance', 'Pharmacologic Substance', 'Laboratory Procedure']
1992;selegiline;0.006426;-
1992;technetium tc 99m exametazime;0.006426;-
;;;
1992;immunoglobulin g;0.005622;-
1992;homovanillic acid;0.005622;-
1992;fluorodeoxyglucose f18;0.005622;['Organic Chemical', 'Indicator, Reagent, or Diagnostic Aid']
1992;butyrylcholinesterase;0.005622;['Amino Acid, Peptide, or Protein', 'Enzyme', 'Laboratory Procedure', 'Gene or Genome']
;;;
1992;deoxyglucose;0.005622;-
;;;
1992;hydroxyindoleacetic acid;0.004819;-
1992;physostigmine;0.004819;-
;;;
;;;
1992;transferrin;0.004016;-
1992;choline;0.004016;-
1992;iofetamine;0.004016;-
;;;
;;;
1992;hydrocortisone;0.004016;-
;;;
1992;heparitin sulfate;0.004016;-
1993;amyloid beta-protein precursor;0.102862;['Amino Acid, Peptide, or Protein']
1993;tacrine;0.030162;-
;;;
1993;antibodies, monoclonal;0.025522;['Immunologic Factor', 'Amino Acid, Peptide, or Protein']
1993;aluminum;0.023202;-
1993;acetylcholine;0.018561;['Organic Chemical', 'Biologically Active Substance', 'Pharmacologic Substance', 'Laboratory Procedure']
;;;
;;;
;;;
1993;choline o-acetyltransferase;0.013921;-
1993;apolipoprotein e4;0.012374;['Amino Acid, Peptide, or Protein', 'Laboratory Procedure']
1993;glucose;0.012374;['Organic Chemical', 'Biologically Active Substance', 'Pharmacologic Substance', 'Laboratory Procedure']
1993;calcium;0.011601;['Biologically Active Substance', 'Pharmacologic Substance', 'Element, Ion, or Isotope', 'Inorganic Chemical', 'Laboratory Procedure', 'Vitamin']
1993;physostigmine;0.008507;-
;;;
1993;glial fibrillary acidic protein;0.007734;['Amino Acid, Peptide, or Protein', 'Biologically Active Substance', 'Cell Component', 'Gene or Genome']
;;;
1993;technetium tc 99m exametazime;0.006961;-
1993;somatostatin;0.006187;-
1993;levodopa;0.006187;-
1993;acetylcholinesterase;0.005414;['Amino Acid, Peptide, or Protein', 'Enzyme', 'Laboratory Procedure', 'Gene or Genome']
1993;dopamine;0.005414;-
1993;aspartic acid;0.005414;-
1993;s100 calcium binding protein g;0.005414;-
1993;selegiline;0.005414;-
1993;protein kinase c;0.005414;-
;;;
1993;superoxide dismutase;0.005414;['Amino Acid, Peptide, or Protein', 'Enzyme', 'Pharmacologic Substance']
;;;
1993;blood glucose;0.004640;-
1993;glycine;0.004640;-
1993;fluorodeoxyglucose f18;0.004640;['Organic Chemical', 'Indicator, Reagent, or Diagnostic Aid']
1993;hydrocortisone;0.004640;-
1993;valine;0.004640;-
;;;
1993;serotonin;0.004640;-
1993;deoxyglucose;0.004640;-
1993;ibotenic acid;0.003867;-
;;;-
1993;tyrosine;0.003867;-
1993;phosphoserine;0.003867;-
1993;homovanillic acid;0.003867;-
;;;
;;;
1993;alpha 1-antichymotrypsin;0.003867;-
1994;amyloid beta-protein precursor;0.089426;['Amino Acid, Peptide, or Protein']
;;;
1994;tacrine;0.029607;-
1994;antibodies, monoclonal;0.027795;['Immunologic Factor', 'Amino Acid, Peptide, or Protein']
1994;apolipoprotein e4;0.021148;['Amino Acid, Peptide, or Protein', 'Laboratory Procedure']
;;;
1994;calcium;0.018731;['Biologically Active Substance', 'Pharmacologic Substance', 'Element, Ion, or Isotope', 'Inorganic Chemical', 'Laboratory Procedure', 'Vitamin']
1994;aluminum;0.015106;-
1994;technetium tc 99m exametazime;0.012689;-
1994;glucose;0.012085;['Organic Chemical', 'Biologically Active Substance', 'Pharmacologic Substance', 'Laboratory Procedure']
1994;choline o-acetyltransferase;0.011480;-
;;;
1994;acetylcholine;0.010272;['Organic Chemical', 'Biologically Active Substance', 'Pharmacologic Substance', 'Laboratory Procedure']
;;;
1994;glial fibrillary acidic protein;0.008459;['Amino Acid, Peptide, or Protein', 'Biologically Active Substance', 'Cell Component', 'Gene or Genome']
1994;acetylcholinesterase;0.007855;['Amino Acid, Peptide, or Protein', 'Enzyme', 'Laboratory Procedure', 'Gene or Genome']
1994;fluorodeoxyglucose f18;0.007855;['Organic Chemical', 'Indicator, Reagent, or Diagnostic Aid']
1994;deoxyglucose;0.007855;-
1994;somatostatin;0.006042;-
1994;choline;0.005438;-
;;;
1994;amyloid beta-protein (1-40);0.004834;['Amino Acid, Peptide, or Protein', 'Biologically Active Substance']
1994;scopolamine hydrobromide;0.004834;-
1994;protein kinase c;0.004834;-
1994;immunoglobulin g;0.004834;-
1994;iron;0.004230;-
1994;synaptophysin;0.004230;-
;;;
1994;alpha 1-antichymotrypsin;0.004230;-
1994;superoxide dismutase;0.004230;['Amino Acid, Peptide, or Protein', 'Enzyme', 'Pharmacologic Substance']
1994;adenosine triphosphate;0.003625;-
1994;bace1 protein, human;0.003625;['Amino Acid, Peptide, or Protein', 'Enzyme']
1994;zinc;0.003625;['Pharmacologic Substance', 'Element, Ion, or Isotope', 'Laboratory Procedure']
;;;
1994;interleukin-1;0.003625;-
1994;glutamic acid;0.003625;['Amino Acid, Peptide, or Protein', 'Biologically Active Substance', 'Pharmacologic Substance', 'Laboratory Procedure']
1994;cholesterol;0.003625;['Organic Chemical', 'Biologically Active Substance', 'Laboratory Procedure']
1994;prnp protein, human;0.003625;-
1994;vitamin b 12;0.003625;-
1994;hydrocortisone;0.003625;-
1995;amyloid beta-protein precursor;0.070995;['Amino Acid, Peptide, or Protein']
1995;tacrine;0.031553;-
;;;
1995;apolipoprotein e4;0.026699;['Amino Acid, Peptide, or Protein', 'Laboratory Procedure']
;;;
;;;
;;;
1995;aluminum;0.014563;-
;;;
1995;glucose;0.011529;['Organic Chemical', 'Biologically Active Substance', 'Pharmacologic Substance', 'Laboratory Procedure']
1995;presenilin-1;0.010922;['Amino Acid, Peptide, or Protein', 'Biologically Active Substance']
1995;presenilin-1;0.010922;['Amino Acid, Peptide, or Protein', 'Biologically Active Substance']
1995;calcium;0.009102;['Biologically Active Substance', 'Pharmacologic Substance', 'Element, Ion, or Isotope', 'Inorganic Chemical', 'Laboratory Procedure', 'Vitamin']
1995;deoxyglucose;0.009102;-
;;;
1995;glutamic acid;0.008495;['Amino Acid, Peptide, or Protein', 'Biologically Active Substance', 'Pharmacologic Substance', 'Laboratory Procedure']
1995;prnp protein, human;0.008495;-
1995;fluorodeoxyglucose f18;0.008495;['Organic Chemical', 'Indicator, Reagent, or Diagnostic Aid']
1995;aspartic acid;0.007888;-
1995;bace1 protein, human;0.007282;['Amino Acid, Peptide, or Protein', 'Enzyme']
1995;glial fibrillary acidic protein;0.007282;['Amino Acid, Peptide, or Protein', 'Biologically Active Substance', 'Cell Component', 'Gene or Genome']
1995;iron;0.006675;-
1995;nicotine;0.006675;-
1995;choline o-acetyltransferase;0.006675;-
1995;physostigmine;0.006675;-
1995;protein kinase c;0.006675;-
1995;interleukin-1;0.006068;-
1995;apolipoprotein e3;0.006068;-
1995;acetylcholinesterase;0.005461;['Amino Acid, Peptide, or Protein', 'Enzyme', 'Laboratory Procedure', 'Gene or Genome']
1995;alpha 1-antichymotrypsin;0.005461;-
1995;interleukin-6;0.005461;['Immunologic Factor', 'Amino Acid, Peptide, or Protein', 'Laboratory Procedure', 'Pharmacologic Substance', 'Biologically Active Substance']
1995;synaptophysin;0.004854;-
;;;
1995;n-acetylaspartate;0.004854;-
1995;technetium tc 99m exametazime;0.004854;-
1995;serotonin;0.004854;-
1995;blood glucose;0.004248;-
1995;creatine;0.004248;-
1995;immune sera;0.004248;-
;;;
1995;choline;0.004248;-
;;;
1995;superoxide dismutase;0.004248;['Amino Acid, Peptide, or Protein', 'Enzyme', 'Pharmacologic Substance']
1996;amyloid beta-protein precursor;0.083290;['Amino Acid, Peptide, or Protein']
1996;apolipoprotein e4;0.038522;['Amino Acid, Peptide, or Protein', 'Laboratory Procedure']
1996;presenilin-1;0.036960;['Amino Acid, Peptide, or Protein', 'Biologically Active Substance']
1996;presenilin-1;0.034878;['Amino Acid, Peptide, or Protein', 'Biologically Active Substance']
1996;tacrine;0.027590;-
;;;
;;;
1996;presenilin-2;0.017179;['Amino Acid, Peptide, or Protein', 'Biologically Active Substance']
1996;presenilin-2;0.015617;-
;;;
1996;calcium;0.010411;['Biologically Active Substance', 'Pharmacologic Substance', 'Element, Ion, or Isotope', 'Inorganic Chemical', 'Laboratory Procedure', 'Vitamin']
1996;glucose;0.009891;['Organic Chemical', 'Biologically Active Substance', 'Pharmacologic Substance', 'Laboratory Procedure']
1996;amyloid beta-protein (1-40);0.009370;['Amino Acid, Peptide, or Protein', 'Biologically Active Substance']
1996;amyloid beta-protein (1-42);0.008850;['Amino Acid, Peptide, or Protein', 'Biologically Active Substance']
;;;
;;;
1996;acetylcholine;0.007808;['Organic Chemical', 'Biologically Active Substance', 'Pharmacologic Substance', 'Laboratory Procedure']
1996;alpha 1-antichymotrypsin;0.007808;-
1996;acetylcholinesterase;0.007808;['Amino Acid, Peptide, or Protein', 'Enzyme', 'Laboratory Procedure', 'Gene or Genome']
1996;aluminum;0.007288;-
;;;
1996;choline o-acetyltransferase;0.005726;-
1996;serotonin;0.005726;-
1996;technetium tc 99m exametazime;0.005726;-
;;;
;;;
1996;psen2 protein, mouse;0.005206;-
1996;tropicamide;0.004685;-
1996;choline;0.004685;-
;;;
1996;prealbumin;0.004685;-
1996;protein kinase c;0.004685;-
1996;heparitin sulfate;0.004685;-
1996;nitric oxide;0.004164;-
1996;apolipoprotein e3;0.004164;-
;;;
1996;glial fibrillary acidic protein;0.003644;['Amino Acid, Peptide, or Protein', 'Biologically Active Substance', 'Cell Component', 'Gene or Genome']
1996;synaptophysin;0.003644;-
1997;amyloid beta-protein precursor;0.063484;['Amino Acid, Peptide, or Protein']
1997;presenilin-1;0.048720;['Amino Acid, Peptide, or Protein', 'Biologically Active Substance']
1997;presenilin-1;0.046260;['Amino Acid, Peptide, or Protein', 'Biologically Active Substance']
1997;apolipoprotein e4;0.032480;['Amino Acid, Peptide, or Protein', 'Laboratory Procedure']
1997;tacrine;0.019193;-
;;;
1997;presenilin-2;0.019193;['Amino Acid, Peptide, or Protein', 'Biologically Active Substance']
;;;
1997;presenilin-2;0.017717;-
;;;
1997;glucose;0.012303;['Organic Chemical', 'Biologically Active Substance', 'Pharmacologic Substance', 'Laboratory Procedure']
1997;amyloid beta-protein (1-40);0.012303;['Amino Acid, Peptide, or Protein', 'Biologically Active Substance']
1997;calcium;0.011811;['Biologically Active Substance', 'Pharmacologic Substance', 'Element, Ion, or Isotope', 'Inorganic Chemical', 'Laboratory Procedure', 'Vitamin']
1997;acetylcholine;0.011319;['Organic Chemical', 'Biologically Active Substance', 'Pharmacologic Substance', 'Laboratory Procedure']
1997;donepezil;0.010335;['Organic Chemical', 'Pharmacologic Substance']
1997;amyloid beta-protein (1-42);0.010335;['Amino Acid, Peptide, or Protein', 'Biologically Active Substance']
;;;
1997;technetium tc 99m exametazime;0.010335;-
1997;choline o-acetyltransferase;0.009843;-
;;;
1997;alpha 1-antichymotrypsin;0.007874;-
1997;acetylcholinesterase;0.007382;['Amino Acid, Peptide, or Protein', 'Enzyme', 'Laboratory Procedure', 'Gene or Genome']
1997;aluminum;0.006890;-
;;;
;;;
1997;fluorodeoxyglucose f18;0.005906;['Organic Chemical', 'Indicator, Reagent, or Diagnostic Aid']
1997;glial fibrillary acidic protein;0.005906;['Amino Acid, Peptide, or Protein', 'Biologically Active Substance', 'Cell Component', 'Gene or Genome']
1997;electron transport complex iv;0.004921;-
;;;
1997;vitamin e;0.004921;-
1997;tropicamide;0.004429;-
1997;protein kinase c;0.004429;-
;;;
1997;superoxide dismutase;0.004429;['Amino Acid, Peptide, or Protein', 'Enzyme', 'Pharmacologic Substance']
;;;
1997;dopamine;0.003937;-
;;;
1997;glycogen synthase kinase 3;0.003937;['Amino Acid, Peptide, or Protein', 'Enzyme']
1997;bace1 protein, human;0.003937;['Amino Acid, Peptide, or Protein', 'Enzyme']
1997;aspartic acid;0.003937;-
1997;selegiline;0.003937;-
1997;low density lipoprotein receptor-related protein-1;0.003937;-
;;;
1998;amyloid beta-protein precursor;0.072120;['Amino Acid, Peptide, or Protein']
1998;presenilin-1;0.058567;['Amino Acid, Peptide, or Protein', 'Biologically Active Substance']
1998;presenilin-1;0.055663;['Amino Acid, Peptide, or Protein', 'Biologically Active Substance']
1998;apolipoprotein e4;0.045499;['Amino Acid, Peptide, or Protein', 'Laboratory Procedure']
;;;
1998;tacrine;0.024201;-
1998;presenilin-2;0.023717;['Amino Acid, Peptide, or Protein', 'Biologically Active Substance']
1998;donepezil;0.022265;['Organic Chemical', 'Pharmacologic Substance']
1998;presenilin-2;0.022265;-
1998;amyloid beta-protein (1-42);0.020813;['Amino Acid, Peptide, or Protein', 'Biologically Active Substance']
;;;
1998;amyloid beta-protein (1-40);0.014521;['Amino Acid, Peptide, or Protein', 'Biologically Active Substance']
;;;
;;;
1998;glucose;0.013069;['Organic Chemical', 'Biologically Active Substance', 'Pharmacologic Substance', 'Laboratory Procedure']
1998;calcium;0.011617;['Biologically Active Substance', 'Pharmacologic Substance', 'Element, Ion, or Isotope', 'Inorganic Chemical', 'Laboratory Procedure', 'Vitamin']
;;;
1998;acetylcholine;0.010165;['Organic Chemical', 'Biologically Active Substance', 'Pharmacologic Substance', 'Laboratory Procedure']
1998;acetylcholinesterase;0.009681;['Amino Acid, Peptide, or Protein', 'Enzyme', 'Laboratory Procedure', 'Gene or Genome']
1998;bace1 protein, human;0.009681;['Amino Acid, Peptide, or Protein', 'Enzyme']
1998;alpha 1-antichymotrypsin;0.009681;-
1998;trichlorfon;0.009197;-
1998;aluminum;0.009197;-
1998;glial fibrillary acidic protein;0.008228;['Amino Acid, Peptide, or Protein', 'Biologically Active Substance', 'Cell Component', 'Gene or Genome']
1998;protein kinase c;0.007260;-
1998;vitamin e;0.007260;-
1998;interleukin-1;0.006776;-
1998;choline o-acetyltransferase;0.006776;-
1998;cholesterol;0.006292;['Organic Chemical', 'Biologically Active Substance', 'Laboratory Procedure']
;;;
1998;interleukin-6;0.005808;['Immunologic Factor', 'Amino Acid, Peptide, or Protein', 'Laboratory Procedure', 'Pharmacologic Substance', 'Biologically Active Substance']
;;;
1998;rivastigmine;0.005324;['Organic Chemical', 'Pharmacologic Substance']
1998;glutamic acid;0.004840;['Amino Acid, Peptide, or Protein', 'Biologically Active Substance', 'Pharmacologic Substance', 'Laboratory Procedure']
1998;apolipoprotein e3;0.004840;-
1998;zinc;0.004840;['Pharmacologic Substance', 'Element, Ion, or Isotope', 'Laboratory Procedure']
;;;
;;;
1998;butyrylcholinesterase;0.004840;['Amino Acid, Peptide, or Protein', 'Enzyme', 'Laboratory Procedure', 'Gene or Genome']
1998;technetium tc 99m exametazime;0.004840;-
1998;iron;0.004356;-
;;;
1999;amyloid beta-protein precursor;0.071359;['Amino Acid, Peptide, or Protein']
1999;presenilin-1;0.067961;['Amino Acid, Peptide, or Protein', 'Biologically Active Substance']
1999;presenilin-1;0.061165;['Amino Acid, Peptide, or Protein', 'Biologically Active Substance']
1999;apolipoprotein e4;0.033010;['Amino Acid, Peptide, or Protein', 'Laboratory Procedure']
1999;presenilin-2;0.023786;['Amino Acid, Peptide, or Protein', 'Biologically Active Substance']
;;;
1999;presenilin-2;0.022816;-
1999;donepezil;0.020874;['Organic Chemical', 'Pharmacologic Substance']
1999;amyloid beta-protein (1-42);0.017961;['Amino Acid, Peptide, or Protein', 'Biologically Active Substance']
1999;bace1 protein, human;0.016019;['Amino Acid, Peptide, or Protein', 'Enzyme']
1999;amyloid beta-protein (1-40);0.013592;['Amino Acid, Peptide, or Protein', 'Biologically Active Substance']
1999;amyloid;0.012136;['Amino Acid, Peptide, or Protein', 'Biologically Active Substance', 'Disease or Syndrome', 'Pathologic Function']
1999;tacrine;0.011650;-
1999;calcium;0.011165;['Biologically Active Substance', 'Pharmacologic Substance', 'Element, Ion, or Isotope', 'Inorganic Chemical', 'Laboratory Procedure', 'Vitamin']
1999;glucose;0.009223;['Organic Chemical', 'Biologically Active Substance', 'Pharmacologic Substance', 'Laboratory Procedure']
1999;acetylcholine;0.008738;['Organic Chemical', 'Biologically Active Substance', 'Pharmacologic Substance', 'Laboratory Procedure']
1999;acetylcholinesterase;0.008738;['Amino Acid, Peptide, or Protein', 'Enzyme', 'Laboratory Procedure', 'Gene or Genome']
1999;vitamin e;0.007282;-
1999;rivastigmine;0.007282;['Organic Chemical', 'Pharmacologic Substance']
1999;interleukin-1;0.006796;-
1999;glutamic acid;0.006311;['Amino Acid, Peptide, or Protein', 'Biologically Active Substance', 'Pharmacologic Substance', 'Laboratory Procedure']
1999;alpha 1-antichymotrypsin;0.006311;-
1999;interleukin-6;0.006311;['Immunologic Factor', 'Amino Acid, Peptide, or Protein', 'Laboratory Procedure', 'Pharmacologic Substance', 'Biologically Active Substance']
1999;choline o-acetyltransferase;0.006311;-
;;;
1999;technetium tc 99m exametazime;0.005825;-
1999;snca protein, human;0.005340;-
1999;nitric oxide;0.005340;-
1999;cholesterol;0.005340;['Organic Chemical', 'Biologically Active Substance', 'Laboratory Procedure']
1999;tumor necrosis factor-alpha;0.005340;['Immunologic Factor', 'Amino Acid, Peptide, or Protein', 'Biologically Active Substance']
1999;butyrylcholinesterase;0.005340;['Amino Acid, Peptide, or Protein', 'Enzyme', 'Laboratory Procedure', 'Gene or Genome']
;;;
1999;glial fibrillary acidic protein;0.005340;['Amino Acid, Peptide, or Protein', 'Biologically Active Substance', 'Cell Component', 'Gene or Genome']
1999;alpha-synuclein;0.005340;['Amino Acid, Peptide, or Protein', 'Biologically Active Substance', 'Gene or Genome']
1999;dna, complementary;0.004854;-
1999;dna, mitochondrial;0.004854;-
1999;caspase 3;0.004854;['Amino Acid, Peptide, or Protein', 'Enzyme', 'Gene or Genome']
1999;protein kinase c;0.004854;-
1999;receptors, nicotinic;0.004854;['Receptor', 'Amino Acid, Peptide, or Protein']
1999;beta catenin;0.004854;-
2000;amyloid beta-protein precursor;0.080611;['Amino Acid, Peptide, or Protein']
2000;presenilin-1;0.054306;['Amino Acid, Peptide, or Protein', 'Biologically Active Substance']
2000;presenilin-1;0.048791;['Amino Acid, Peptide, or Protein', 'Biologically Active Substance']
2000;apolipoprotein e4;0.035214;['Amino Acid, Peptide, or Protein', 'Laboratory Procedure']
2000;amyloid beta-protein (1-42);0.027577;['Amino Acid, Peptide, or Protein', 'Biologically Active Substance']
2000;presenilin-2;0.026305;['Amino Acid, Peptide, or Protein', 'Biologically Active Substance']
;;;
2000;presenilin-2;0.024608;-
2000;bace1 protein, human;0.022486;['Amino Acid, Peptide, or Protein', 'Enzyme']
2000;donepezil;0.021638;['Organic Chemical', 'Pharmacologic Substance']
2000;amyloid beta-protein (1-40);0.020789;['Amino Acid, Peptide, or Protein', 'Biologically Active Substance']
;;;
;;;
2000;acetylcholine;0.012728;['Organic Chemical', 'Biologically Active Substance', 'Pharmacologic Substance', 'Laboratory Procedure']
2000;acetylcholinesterase;0.012304;['Amino Acid, Peptide, or Protein', 'Enzyme', 'Laboratory Procedure', 'Gene or Genome']
2000;rivastigmine;0.011455;['Organic Chemical', 'Pharmacologic Substance']
;;;
2000;tacrine;0.010607;-
2000;interleukin-1;0.010607;-
2000;antibodies, monoclonal;0.010182;['Immunologic Factor', 'Amino Acid, Peptide, or Protein']
2000;calcium;0.010182;['Biologically Active Substance', 'Pharmacologic Substance', 'Element, Ion, or Isotope', 'Inorganic Chemical', 'Laboratory Procedure', 'Vitamin']
2000;glucose;0.008910;['Organic Chemical', 'Biologically Active Substance', 'Pharmacologic Substance', 'Laboratory Procedure']
2000;choline o-acetyltransferase;0.008910;-
;;;
;;;
2000;bace2 protein, human;0.008061;-
2000;aluminum;0.008061;-
2000;zinc;0.008061;['Pharmacologic Substance', 'Element, Ion, or Isotope', 'Laboratory Procedure']
2000;cholesterol;0.007213;['Organic Chemical', 'Biologically Active Substance', 'Laboratory Procedure']
2000;alpha-synuclein;0.007213;['Amino Acid, Peptide, or Protein', 'Biologically Active Substance', 'Gene or Genome']
2000;nitric oxide synthase;0.007213;-
2000;hydrogen peroxide;0.007213;-
2000;snca protein, human;0.006788;-
2000;nitric oxide;0.006788;-
;;;
;;;
2000;vitamin e;0.006364;-
;;;
2000;technetium tc 99m exametazime;0.005940;-
2000;galantamine;0.005940;['Organic Chemical', 'Pharmacologic Substance']
2000;bace1 protein, mouse;0.005940;-
2000;tumor necrosis factor-alpha;0.005515;['Immunologic Factor', 'Amino Acid, Peptide, or Protein', 'Biologically Active Substance']
2000;butyrylcholinesterase;0.005515;['Amino Acid, Peptide, or Protein', 'Enzyme', 'Laboratory Procedure', 'Gene or Genome']
2000;interleukin-6;0.005515;['Immunologic Factor', 'Amino Acid, Peptide, or Protein', 'Laboratory Procedure', 'Pharmacologic Substance', 'Biologically Active Substance']
2000;copper;0.005515;['Biologically Active Substance', 'Pharmacologic Substance', 'Element, Ion, or Isotope', 'Laboratory Procedure']
2001;amyloid beta-protein precursor;0.089105;['Amino Acid, Peptide, or Protein']
2001;presenilin-1;0.044957;['Amino Acid, Peptide, or Protein', 'Biologically Active Substance']
2001;presenilin-1;0.037667;['Amino Acid, Peptide, or Protein', 'Biologically Active Substance']
2001;apolipoprotein e4;0.035237;['Amino Acid, Peptide, or Protein', 'Laboratory Procedure']
2001;amyloid beta-protein (1-42);0.032402;['Amino Acid, Peptide, or Protein', 'Biologically Active Substance']
2001;bace1 protein, human;0.027947;['Amino Acid, Peptide, or Protein', 'Enzyme']
;;;
2001;amyloid beta-protein (1-40);0.025111;['Amino Acid, Peptide, or Protein', 'Biologically Active Substance']
2001;donepezil;0.018631;['Organic Chemical', 'Pharmacologic Substance']
2001;galantamine;0.014986;['Organic Chemical', 'Pharmacologic Substance']
2001;presenilin-2;0.013771;['Amino Acid, Peptide, or Protein', 'Biologically Active Substance']
;;;
2001;presenilin-2;0.013366;-
2001;cholesterol;0.012961;['Organic Chemical', 'Biologically Active Substance', 'Laboratory Procedure']
;;;
2001;rivastigmine;0.012151;['Organic Chemical', 'Pharmacologic Substance']
2001;acetylcholinesterase;0.012151;['Amino Acid, Peptide, or Protein', 'Enzyme', 'Laboratory Procedure', 'Gene or Genome']
2001;acetylcholine;0.011746;['Organic Chemical', 'Biologically Active Substance', 'Pharmacologic Substance', 'Laboratory Procedure']
2001;tacrine;0.010531;-
;;;
2001;glial fibrillary acidic protein;0.009721;['Amino Acid, Peptide, or Protein', 'Biologically Active Substance', 'Cell Component', 'Gene or Genome']
2001;interleukin-1;0.009721;-
2001;calcium;0.009316;['Biologically Active Substance', 'Pharmacologic Substance', 'Element, Ion, or Isotope', 'Inorganic Chemical', 'Laboratory Procedure', 'Vitamin']
2001;bace1 protein, mouse;0.009316;-
;;;
;;;
2001;amyloid beta-protein (25-35);0.008100;['Amino Acid, Peptide, or Protein', 'Biologically Active Substance']
2001;glycogen synthase kinase 3;0.007695;['Amino Acid, Peptide, or Protein', 'Enzyme']
2001;caspase 3;0.007695;['Amino Acid, Peptide, or Protein', 'Enzyme', 'Gene or Genome']
2001;bace2 protein, human;0.006885;-
2001;tumor necrosis factor-alpha;0.006885;['Immunologic Factor', 'Amino Acid, Peptide, or Protein', 'Biologically Active Substance']
;;;
;;;
2001;nicotine;0.006480;-
2001;estradiol;0.006075;-
2001;nerve growth factor;0.006075;-
2001;vitamin e;0.006075;-
2001;nitric oxide synthase;0.006075;-
2001;alpha-synuclein;0.006075;['Amino Acid, Peptide, or Protein', 'Biologically Active Substance', 'Gene or Genome']
2001;snca protein, human;0.005670;-
2001;receptors, estrogen;0.005670;-
2001;thioflavin t;0.005670;['Organic Chemical', 'Indicator, Reagent, or Diagnostic Aid']
2001;alpha 1-antichymotrypsin;0.005670;-
2001;aluminum;0.005670;-
;;;
2002;amyloid beta-protein precursor;0.085832;['Amino Acid, Peptide, or Protein']
2002;presenilin-1;0.040480;['Amino Acid, Peptide, or Protein', 'Biologically Active Substance']
2002;amyloid beta-protein (1-42);0.034858;['Amino Acid, Peptide, or Protein', 'Biologically Active Substance']
2002;presenilin-1;0.034483;['Amino Acid, Peptide, or Protein', 'Biologically Active Substance']
2002;apolipoprotein e4;0.032984;['Amino Acid, Peptide, or Protein', 'Laboratory Procedure']
2002;bace1 protein, human;0.022489;['Amino Acid, Peptide, or Protein', 'Enzyme']
2002;donepezil;0.022489;['Organic Chemical', 'Pharmacologic Substance']
2002;amyloid beta-protein (1-40);0.020240;['Amino Acid, Peptide, or Protein', 'Biologically Active Substance']
2002;rivastigmine;0.017991;['Organic Chemical', 'Pharmacologic Substance']
;;;
2002;cholesterol;0.016492;['Organic Chemical', 'Biologically Active Substance', 'Laboratory Procedure']
2002;amyloid;0.014993;['Amino Acid, Peptide, or Protein', 'Biologically Active Substance', 'Disease or Syndrome', 'Pathologic Function']
;;;
2002;acetylcholine;0.014243;['Organic Chemical', 'Biologically Active Substance', 'Pharmacologic Substance', 'Laboratory Procedure']
2002;presenilin-2;0.012369;['Amino Acid, Peptide, or Protein', 'Biologically Active Substance']
2002;presenilin-2;0.011994;-
2002;galantamine;0.011619;['Organic Chemical', 'Pharmacologic Substance']
2002;acetylcholinesterase;0.009745;['Amino Acid, Peptide, or Protein', 'Enzyme', 'Laboratory Procedure', 'Gene or Genome']
2002;choline o-acetyltransferase;0.009745;-
2002;homocysteine;0.009370;['Amino Acid, Peptide, or Protein', 'Biologically Active Substance', 'Laboratory Procedure']
2002;glycogen synthase kinase 3;0.008996;['Amino Acid, Peptide, or Protein', 'Enzyme']
2002;calcium;0.008996;['Biologically Active Substance', 'Pharmacologic Substance', 'Element, Ion, or Isotope', 'Inorganic Chemical', 'Laboratory Procedure', 'Vitamin']
;;;
2002;interleukin-1;0.008246;-
;;;
2002;tumor necrosis factor-alpha;0.006747;['Immunologic Factor', 'Amino Acid, Peptide, or Protein', 'Biologically Active Substance']
2002;vitamin e;0.006372;-
2002;amyloid beta-protein (25-35);0.006372;['Amino Acid, Peptide, or Protein', 'Biologically Active Substance']
2002;apolipoprotein e3;0.005997;-
;;;
2002;glutamic acid;0.005997;['Amino Acid, Peptide, or Protein', 'Biologically Active Substance', 'Pharmacologic Substance', 'Laboratory Procedure']
2002;technetium tc 99m exametazime;0.005997;-
2002;copper;0.005997;['Biologically Active Substance', 'Pharmacologic Substance', 'Element, Ion, or Isotope', 'Laboratory Procedure']
;;;
2002;glucose;0.005997;['Organic Chemical', 'Biologically Active Substance', 'Pharmacologic Substance', 'Laboratory Procedure']
2002;cyclooxygenase 2;0.005622;-
2002;caspase 3;0.005622;['Amino Acid, Peptide, or Protein', 'Enzyme', 'Gene or Genome']
2002;nitric oxide synthase;0.005622;-
2002;ptgs2 protein, human;0.005247;-
2002;tacrine;0.005247;-
2002;glial fibrillary acidic protein;0.005247;['Amino Acid, Peptide, or Protein', 'Biologically Active Substance', 'Cell Component', 'Gene or Genome']
2003;amyloid beta-protein precursor;0.079736;['Amino Acid, Peptide, or Protein']
2003;amyloid beta-protein (1-42);0.035395;['Amino Acid, Peptide, or Protein', 'Biologically Active Substance']
2003;presenilin-1;0.035395;['Amino Acid, Peptide, or Protein', 'Biologically Active Substance']
2003;presenilin-1;0.029560;['Amino Acid, Peptide, or Protein', 'Biologically Active Substance']
2003;bace1 protein, human;0.027227;['Amino Acid, Peptide, or Protein', 'Enzyme']
2003;apolipoprotein e4;0.024893;['Amino Acid, Peptide, or Protein', 'Laboratory Procedure']
2003;donepezil;0.024504;['Organic Chemical', 'Pharmacologic Substance']
2003;amyloid beta-protein (1-40);0.023337;['Amino Acid, Peptide, or Protein', 'Biologically Active Substance']
;;;
2003;cholesterol;0.019837;['Organic Chemical', 'Biologically Active Substance', 'Laboratory Procedure']
;;;
2003;memantine;0.015947;['Organic Chemical', 'Pharmacologic Substance']
2003;galantamine;0.012835;['Organic Chemical', 'Pharmacologic Substance']
2003;rivastigmine;0.012447;['Organic Chemical', 'Pharmacologic Substance']
2003;presenilin-2;0.012058;['Amino Acid, Peptide, or Protein', 'Biologically Active Substance']
;;;
2003;presenilin-2;0.010502;-
2003;acetylcholinesterase;0.010113;['Amino Acid, Peptide, or Protein', 'Enzyme', 'Laboratory Procedure', 'Gene or Genome']
;;;
2003;glucose;0.009335;['Organic Chemical', 'Biologically Active Substance', 'Pharmacologic Substance', 'Laboratory Procedure']
2003;homocysteine;0.008946;['Amino Acid, Peptide, or Protein', 'Biologically Active Substance', 'Laboratory Procedure']
;;;
2003;glutamic acid;0.007390;['Amino Acid, Peptide, or Protein', 'Biologically Active Substance', 'Pharmacologic Substance', 'Laboratory Procedure']
2003;acetylcholine;0.007390;['Organic Chemical', 'Biologically Active Substance', 'Pharmacologic Substance', 'Laboratory Procedure']
2003;bace1 protein, mouse;0.007390;-
2003;fluorodeoxyglucose f18;0.007001;['Organic Chemical', 'Indicator, Reagent, or Diagnostic Aid']
2003;copper;0.007001;['Biologically Active Substance', 'Pharmacologic Substance', 'Element, Ion, or Isotope', 'Laboratory Procedure']
2003;alpha-synuclein;0.007001;['Amino Acid, Peptide, or Protein', 'Biologically Active Substance', 'Gene or Genome']
2003;snca protein, human;0.006612;-
2003;glycogen synthase kinase 3;0.006612;['Amino Acid, Peptide, or Protein', 'Enzyme']
2003;tumor necrosis factor-alpha;0.006223;['Immunologic Factor', 'Amino Acid, Peptide, or Protein', 'Biologically Active Substance']
2003;vitamin e;0.006223;-
2003;choline o-acetyltransferase;0.006223;-
2003;interleukin-1;0.006223;-
2003;iron;0.005056;-
2003;dna;0.005056;['Nucleic Acid, Nucleoside, or Nucleotide', 'Biologically Active Substance', 'Disease or Syndrome']
2003;cyclooxygenase 2;0.005056;-
2004;amyloid beta-protein precursor;0.078087;['Amino Acid, Peptide, or Protein']
2004;amyloid beta-protein (1-42);0.040248;['Amino Acid, Peptide, or Protein', 'Biologically Active Substance']
2004;apolipoprotein e4;0.036808;['Amino Acid, Peptide, or Protein', 'Laboratory Procedure']
2004;presenilin-1;0.036808;['Amino Acid, Peptide, or Protein', 'Biologically Active Substance']
2004;donepezil;0.032680;['Organic Chemical', 'Pharmacologic Substance']
2004;presenilin-1;0.032336;['Amino Acid, Peptide, or Protein', 'Biologically Active Substance']
2004;bace1 protein, human;0.028896;['Amino Acid, Peptide, or Protein', 'Enzyme']
;;;
2004;amyloid beta-protein (1-40);0.019264;['Amino Acid, Peptide, or Protein', 'Biologically Active Substance']
;;;
2004;galantamine;0.016512;['Organic Chemical', 'Pharmacologic Substance']
2004;memantine;0.015136;['Organic Chemical', 'Pharmacologic Substance']
2004;rivastigmine;0.013760;['Organic Chemical', 'Pharmacologic Substance']
2004;cholesterol;0.012728;['Organic Chemical', 'Biologically Active Substance', 'Laboratory Procedure']
;;;
2004;presenilin-2;0.011352;['Amino Acid, Peptide, or Protein', 'Biologically Active Substance']
;;;
2004;presenilin-2;0.010664;-
2004;copper;0.010320;['Biologically Active Substance', 'Pharmacologic Substance', 'Element, Ion, or Isotope', 'Laboratory Procedure']
2004;calcium;0.009632;['Biologically Active Substance', 'Pharmacologic Substance', 'Element, Ion, or Isotope', 'Inorganic Chemical', 'Laboratory Procedure', 'Vitamin']
2004;acetylcholinesterase;0.009632;['Amino Acid, Peptide, or Protein', 'Enzyme', 'Laboratory Procedure', 'Gene or Genome']
;;;
2004;bace1 protein, mouse;0.008600;-
2004;homocysteine;0.008600;['Amino Acid, Peptide, or Protein', 'Biologically Active Substance', 'Laboratory Procedure']
2004;glial fibrillary acidic protein;0.008256;['Amino Acid, Peptide, or Protein', 'Biologically Active Substance', 'Cell Component', 'Gene or Genome']
2004;acetylcholine;0.007224;['Organic Chemical', 'Biologically Active Substance', 'Pharmacologic Substance', 'Laboratory Procedure']
2004;glycogen synthase kinase 3;0.007224;['Amino Acid, Peptide, or Protein', 'Enzyme']
2004;thioflavin t;0.007224;['Organic Chemical', 'Indicator, Reagent, or Diagnostic Aid']
2004;vitamin e;0.007224;-
2004;glucose;0.007224;['Organic Chemical', 'Biologically Active Substance', 'Pharmacologic Substance', 'Laboratory Procedure']
2004;nitric oxide;0.006536;-
;;;
;;;
2004;glutamic acid;0.005848;['Amino Acid, Peptide, or Protein', 'Biologically Active Substance', 'Pharmacologic Substance', 'Laboratory Procedure']
2004;tumor necrosis factor-alpha;0.005848;['Immunologic Factor', 'Amino Acid, Peptide, or Protein', 'Biologically Active Substance']
2004;interleukin-1;0.005504;-
;;;
2004;iron;0.005160;-
2005;amyloid beta-protein precursor;0.074815;['Amino Acid, Peptide, or Protein']
2005;amyloid beta-protein (1-42);0.034827;['Amino Acid, Peptide, or Protein', 'Biologically Active Substance']
2005;apolipoprotein e4;0.034505;['Amino Acid, Peptide, or Protein', 'Laboratory Procedure']
2005;presenilin-1;0.028378;['Amino Acid, Peptide, or Protein', 'Biologically Active Substance']
2005;bace1 protein, human;0.026443;['Amino Acid, Peptide, or Protein', 'Enzyme']
2005;donepezil;0.023541;['Organic Chemical', 'Pharmacologic Substance']
2005;presenilin-1;0.023218;['Amino Acid, Peptide, or Protein', 'Biologically Active Substance']
;;;
2005;cholesterol;0.020961;['Organic Chemical', 'Biologically Active Substance', 'Laboratory Procedure']
;;;
2005;memantine;0.016769;['Organic Chemical', 'Pharmacologic Substance']
2005;rivastigmine;0.015156;['Organic Chemical', 'Pharmacologic Substance']
2005;amyloid beta-protein (1-40);0.014189;['Amino Acid, Peptide, or Protein', 'Biologically Active Substance']
;;;
2005;acetylcholine;0.011609;['Organic Chemical', 'Biologically Active Substance', 'Pharmacologic Substance', 'Laboratory Procedure']
2005;galantamine;0.011609;['Organic Chemical', 'Pharmacologic Substance']
2005;bace1 protein, mouse;0.011287;-
2005;acetylcholinesterase;0.010964;['Amino Acid, Peptide, or Protein', 'Enzyme', 'Laboratory Procedure', 'Gene or Genome']
2005;fluorodeoxyglucose f18;0.010642;['Organic Chemical', 'Indicator, Reagent, or Diagnostic Aid']
2005;calcium;0.009997;['Biologically Active Substance', 'Pharmacologic Substance', 'Element, Ion, or Isotope', 'Inorganic Chemical', 'Laboratory Procedure', 'Vitamin']
2005;presenilin-2;0.009997;['Amino Acid, Peptide, or Protein', 'Biologically Active Substance']
2005;copper;0.009029;['Biologically Active Substance', 'Pharmacologic Substance', 'Element, Ion, or Isotope', 'Laboratory Procedure']
;;;
2005;homocysteine;0.008707;['Amino Acid, Peptide, or Protein', 'Biologically Active Substance', 'Laboratory Procedure']
;;;
2005;glutamic acid;0.008062;['Amino Acid, Peptide, or Protein', 'Biologically Active Substance', 'Pharmacologic Substance', 'Laboratory Procedure']
2005;presenilin-2;0.008062;-
;;;
2005;glycogen synthase kinase 3;0.007417;['Amino Acid, Peptide, or Protein', 'Enzyme']
2005;neprilysin;0.007094;['Amino Acid, Peptide, or Protein', 'Enzyme', 'Gene or Genome']
2005;mapt protein, human;0.006772;['Amino Acid, Peptide, or Protein', 'Biologically Active Substance']
2005;alpha-synuclein;0.006772;['Amino Acid, Peptide, or Protein', 'Biologically Active Substance', 'Gene or Genome']
2005;thioflavin t;0.006450;['Organic Chemical', 'Indicator, Reagent, or Diagnostic Aid']
2005;choline o-acetyltransferase;0.006450;-
2005;insulin;0.006127;['Amino Acid, Peptide, or Protein', 'Hormone', 'Pharmacologic Substance', 'Gene or Genome', 'Laboratory Procedure', 'Clinical Attribute']
2005;vitamin e;0.006127;-
2005;iron;0.005805;-
2005;butyrylcholinesterase;0.005805;['Amino Acid, Peptide, or Protein', 'Enzyme', 'Laboratory Procedure', 'Gene or Genome']
2005;glial fibrillary acidic protein;0.005805;['Amino Acid, Peptide, or Protein', 'Biologically Active Substance', 'Cell Component', 'Gene or Genome']
2005;zinc;0.005805;['Pharmacologic Substance', 'Element, Ion, or Isotope', 'Laboratory Procedure']
2005;superoxide dismutase;0.005805;['Amino Acid, Peptide, or Protein', 'Enzyme', 'Pharmacologic Substance']
2005;nitric oxide;0.005482;-
2005;proteasome endopeptidase complex;0.005482;-
2005;tyrosine;0.005482;-
2005;hydrogen peroxide;0.005482;-
2005;serine;0.005160;-
;;;
2006;amyloid beta-protein precursor;0.081374;['Amino Acid, Peptide, or Protein']
2006;apolipoprotein e4;0.035564;['Amino Acid, Peptide, or Protein', 'Laboratory Procedure']
2006;amyloid beta-protein (1-42);0.031947;['Amino Acid, Peptide, or Protein', 'Biologically Active Substance']
2006;presenilin-1;0.026522;['Amino Acid, Peptide, or Protein', 'Biologically Active Substance']
2006;donepezil;0.025316;['Organic Chemical', 'Pharmacologic Substance']
;;;
2006;cholesterol;0.020796;['Organic Chemical', 'Biologically Active Substance', 'Laboratory Procedure']
2006;rna, messenger;0.020796;['Nucleic Acid, Nucleoside, or Nucleotide', 'Biologically Active Substance']
2006;bace1 protein, human;0.018686;['Amino Acid, Peptide, or Protein', 'Enzyme']
2006;memantine;0.018385;['Organic Chemical', 'Pharmacologic Substance']
2006;galantamine;0.016275;['Organic Chemical', 'Pharmacologic Substance']
2006;presenilin-1;0.014467;['Amino Acid, Peptide, or Protein', 'Biologically Active Substance']
2006;amyloid beta-protein (1-40);0.013562;['Amino Acid, Peptide, or Protein', 'Biologically Active Substance']
2006;rivastigmine;0.012357;['Organic Chemical', 'Pharmacologic Substance']
2006;calcium;0.011453;['Biologically Active Substance', 'Pharmacologic Substance', 'Element, Ion, or Isotope', 'Inorganic Chemical', 'Laboratory Procedure', 'Vitamin']
2006;acetylcholine;0.009946;['Organic Chemical', 'Biologically Active Substance', 'Pharmacologic Substance', 'Laboratory Procedure']
2006;copper;0.009946;['Biologically Active Substance', 'Pharmacologic Substance', 'Element, Ion, or Isotope', 'Laboratory Procedure']
2006;glycogen synthase kinase 3;0.009343;['Amino Acid, Peptide, or Protein', 'Enzyme']
2006;acetylcholinesterase;0.009343;['Amino Acid, Peptide, or Protein', 'Enzyme', 'Laboratory Procedure', 'Gene or Genome']
2006;bace1 protein, mouse;0.008439;-
2006;anti-inflammatory agents, non-steroidal;0.008439;['Pharmacologic Substance']
;;;
2006;fluorodeoxyglucose f18;0.008137;['Organic Chemical', 'Indicator, Reagent, or Diagnostic Aid']
2006;mapt protein, human;0.007836;['Amino Acid, Peptide, or Protein', 'Biologically Active Substance']
2006;presenilin-2;0.007836;['Amino Acid, Peptide, or Protein', 'Biologically Active Substance']
;;;
2006;insulin;0.007535;['Amino Acid, Peptide, or Protein', 'Hormone', 'Pharmacologic Substance', 'Gene or Genome', 'Laboratory Procedure', 'Clinical Attribute']
2006;zinc;0.006631;['Pharmacologic Substance', 'Element, Ion, or Isotope', 'Laboratory Procedure']
2006;iron;0.006329;-
2006;glutamic acid;0.006329;['Amino Acid, Peptide, or Protein', 'Biologically Active Substance', 'Pharmacologic Substance', 'Laboratory Procedure']
2006;proteasome endopeptidase complex;0.006329;-
;;;
2006;alpha-synuclein;0.006329;['Amino Acid, Peptide, or Protein', 'Biologically Active Substance', 'Gene or Genome']
2006;glial fibrillary acidic protein;0.006028;['Amino Acid, Peptide, or Protein', 'Biologically Active Substance', 'Cell Component', 'Gene or Genome']
2006;caspase 3;0.006028;['Amino Acid, Peptide, or Protein', 'Enzyme', 'Gene or Genome']
2006;brain-derived neurotrophic factor;0.006028;-
2006;aluminum;0.005726;-
2006;serine;0.005425;-
2006;homocysteine;0.005425;['Amino Acid, Peptide, or Protein', 'Biologically Active Substance', 'Laboratory Procedure']
;;;
2006;presenilin-2;0.005124;-
2006;tumor necrosis factor-alpha;0.004822;['Immunologic Factor', 'Amino Acid, Peptide, or Protein', 'Biologically Active Substance']
;;;
2006;glucose;0.004822;['Organic Chemical', 'Biologically Active Substance', 'Pharmacologic Substance', 'Laboratory Procedure']
2006;butyrylcholinesterase;0.004521;['Amino Acid, Peptide, or Protein', 'Enzyme', 'Laboratory Procedure', 'Gene or Genome']
2006;nerve growth factor;0.004521;-
2007;amyloid beta-protein precursor;0.074718;['Amino Acid, Peptide, or Protein']
2007;amyloid beta-protein (1-42);0.037816;['Amino Acid, Peptide, or Protein', 'Biologically Active Substance']
2007;apolipoprotein e4;0.035682;['Amino Acid, Peptide, or Protein', 'Laboratory Procedure']
2007;presenilin-1;0.027752;['Amino Acid, Peptide, or Protein', 'Biologically Active Substance']
2007;donepezil;0.021043;['Organic Chemical', 'Pharmacologic Substance']
;;;
2007;amyloid beta-protein (1-40);0.016773;['Amino Acid, Peptide, or Protein', 'Biologically Active Substance']
2007;cholesterol;0.015858;['Organic Chemical', 'Biologically Active Substance', 'Laboratory Procedure']
2007;rivastigmine;0.013724;['Organic Chemical', 'Pharmacologic Substance']
;;;
2007;copper;0.011894;['Biologically Active Substance', 'Pharmacologic Substance', 'Element, Ion, or Isotope', 'Laboratory Procedure']
2007;memantine;0.011589;['Organic Chemical', 'Pharmacologic Substance']
2007;fluorodeoxyglucose f18;0.010369;['Organic Chemical', 'Indicator, Reagent, or Diagnostic Aid']
2007;galantamine;0.010369;['Organic Chemical', 'Pharmacologic Substance']
2007;calcium;0.010064;['Biologically Active Substance', 'Pharmacologic Substance', 'Element, Ion, or Isotope', 'Inorganic Chemical', 'Laboratory Procedure', 'Vitamin']
2007;acetylcholinesterase;0.009759;['Amino Acid, Peptide, or Protein', 'Enzyme', 'Laboratory Procedure', 'Gene or Genome']
2007;bace1 protein, human;0.009149;['Amino Acid, Peptide, or Protein', 'Enzyme']
;;;
2007;acetylcholine;0.007319;['Organic Chemical', 'Biologically Active Substance', 'Pharmacologic Substance', 'Laboratory Procedure']
2007;insulin;0.007319;['Amino Acid, Peptide, or Protein', 'Hormone', 'Pharmacologic Substance', 'Gene or Genome', 'Laboratory Procedure', 'Clinical Attribute']
;;;
;;;
2007;glycogen synthase kinase 3;0.006709;['Amino Acid, Peptide, or Protein', 'Enzyme']
2007;glucose;0.006709;['Organic Chemical', 'Biologically Active Substance', 'Pharmacologic Substance', 'Laboratory Procedure']
2007;mapt protein, human;0.006099;['Amino Acid, Peptide, or Protein', 'Biologically Active Substance']
2007;butyrylcholinesterase;0.006099;['Amino Acid, Peptide, or Protein', 'Enzyme', 'Laboratory Procedure', 'Gene or Genome']
2007;zinc;0.006099;['Pharmacologic Substance', 'Element, Ion, or Isotope', 'Laboratory Procedure']
2007;glutamic acid;0.005794;['Amino Acid, Peptide, or Protein', 'Biologically Active Substance', 'Pharmacologic Substance', 'Laboratory Procedure']
2007;tumor necrosis factor-alpha;0.005489;['Immunologic Factor', 'Amino Acid, Peptide, or Protein', 'Biologically Active Substance']
2007;presenilin-2;0.005489;['Amino Acid, Peptide, or Protein', 'Biologically Active Substance']
2007;presenilin-1;0.005489;['Amino Acid, Peptide, or Protein', 'Biologically Active Substance']
;;;
2007;alpha-synuclein;0.005489;['Amino Acid, Peptide, or Protein', 'Biologically Active Substance', 'Gene or Genome']
2007;drugs, chinese herbal;0.005185;-
2007;homocysteine;0.005185;['Amino Acid, Peptide, or Protein', 'Biologically Active Substance', 'Laboratory Procedure']
;;;
;;;
2007;blood glucose;0.004270;-
2007;tacrine;0.004270;-
2008;amyloid beta-protein precursor;0.082772;['Amino Acid, Peptide, or Protein']
2008;amyloid beta-protein (1-42);0.049663;['Amino Acid, Peptide, or Protein', 'Biologically Active Substance']
2008;apolipoprotein e4;0.038440;['Amino Acid, Peptide, or Protein', 'Laboratory Procedure']
2008;presenilin-1;0.031706;['Amino Acid, Peptide, or Protein', 'Biologically Active Substance']
2008;amyloid;0.019921;['Amino Acid, Peptide, or Protein', 'Biologically Active Substance', 'Disease or Syndrome', 'Pathologic Function']
2008;amyloid beta-protein (1-40);0.019641;['Amino Acid, Peptide, or Protein', 'Biologically Active Substance']
2008;donepezil;0.018799;['Organic Chemical', 'Pharmacologic Substance']
;;;
2008;fluorodeoxyglucose f18;0.012626;['Organic Chemical', 'Indicator, Reagent, or Diagnostic Aid']
2008;anti-inflammatory agents, non-steroidal;0.011785;['Pharmacologic Substance']
2008;acetylcholinesterase;0.011223;['Amino Acid, Peptide, or Protein', 'Enzyme', 'Laboratory Procedure', 'Gene or Genome']
2008;glycogen synthase kinase 3;0.010943;['Amino Acid, Peptide, or Protein', 'Enzyme']
2008;cholesterol;0.010943;['Organic Chemical', 'Biologically Active Substance', 'Laboratory Procedure']
2008;memantine;0.010943;['Organic Chemical', 'Pharmacologic Substance']
2008;bace1 protein, human;0.010101;['Amino Acid, Peptide, or Protein', 'Enzyme']
2008;galantamine;0.009820;['Organic Chemical', 'Pharmacologic Substance']
2008;copper;0.009820;['Biologically Active Substance', 'Pharmacologic Substance', 'Element, Ion, or Isotope', 'Laboratory Procedure']
2008;receptors, n-methyl-d-aspartate;0.009259;['Receptor', 'Amino Acid, Peptide, or Protein']
2008;alpha-synuclein;0.009259;['Amino Acid, Peptide, or Protein', 'Biologically Active Substance', 'Gene or Genome']
2008;mapt protein, human;0.008979;['Amino Acid, Peptide, or Protein', 'Biologically Active Substance']
2008;calcium;0.008418;['Biologically Active Substance', 'Pharmacologic Substance', 'Element, Ion, or Isotope', 'Inorganic Chemical', 'Laboratory Procedure', 'Vitamin']
2008;rivastigmine;0.007856;['Organic Chemical', 'Pharmacologic Substance']
2008;glutamic acid;0.007295;['Amino Acid, Peptide, or Protein', 'Biologically Active Substance', 'Pharmacologic Substance', 'Laboratory Procedure']
2008;tumor necrosis factor-alpha;0.007295;['Immunologic Factor', 'Amino Acid, Peptide, or Protein', 'Biologically Active Substance']
2008;presenilin-2;0.007295;['Amino Acid, Peptide, or Protein', 'Biologically Active Substance']
2008;glucose;0.007295;['Organic Chemical', 'Biologically Active Substance', 'Pharmacologic Substance', 'Laboratory Procedure']
2008;glycogen synthase kinase 3 beta;0.007015;['Amino Acid, Peptide, or Protein', 'Enzyme', 'Gene or Genome']
2008;homocysteine;0.006734;['Amino Acid, Peptide, or Protein', 'Biologically Active Substance', 'Laboratory Procedure']
;;;
2008;presenilin-1;0.006453;['Amino Acid, Peptide, or Protein', 'Biologically Active Substance']
2008;acetylcholine;0.006173;['Organic Chemical', 'Biologically Active Substance', 'Pharmacologic Substance', 'Laboratory Procedure']
;;;
2008;2-(4'-(methylamino)phenyl)-6-hydroxybenzothiazole;0.006173;['Organic Chemical']
2008;amyloid beta-protein (25-35);0.006173;['Amino Acid, Peptide, or Protein', 'Biologically Active Substance']
2008;glial fibrillary acidic protein;0.005892;['Amino Acid, Peptide, or Protein', 'Biologically Active Substance', 'Cell Component', 'Gene or Genome']
2008;zinc;0.005892;['Pharmacologic Substance', 'Element, Ion, or Isotope', 'Laboratory Procedure']
2008;folic acid;0.005892;-
;;;
2008;brain-derived neurotrophic factor;0.005331;-
2008;drugs, chinese herbal;0.005331;-
;;;
2008;hydrogen peroxide;0.005051;-
2008;nitric oxide;0.004770;-
2008;thioflavin t;0.004770;['Organic Chemical', 'Indicator, Reagent, or Diagnostic Aid']
2008;iron;0.004489;-
2008;insulin;0.004489;['Amino Acid, Peptide, or Protein', 'Hormone', 'Pharmacologic Substance', 'Gene or Genome', 'Laboratory Procedure', 'Clinical Attribute']
2008;immunoglobulin g;0.004489;-
2009;amyloid beta-protein precursor;0.088136;['Amino Acid, Peptide, or Protein']
2009;amyloid beta-protein (1-42);0.060739;['Amino Acid, Peptide, or Protein', 'Biologically Active Substance']
2009;apolipoprotein e4;0.039028;['Amino Acid, Peptide, or Protein', 'Laboratory Procedure']
2009;presenilin-1;0.034117;['Amino Acid, Peptide, or Protein', 'Biologically Active Substance']
;;;
2009;amyloid beta-protein (1-40);0.024813;['Amino Acid, Peptide, or Protein', 'Biologically Active Substance']
;;;
2009;donepezil;0.017834;['Organic Chemical', 'Pharmacologic Substance']
;;;
2009;cholesterol;0.014991;['Organic Chemical', 'Biologically Active Substance', 'Laboratory Procedure']
2009;mapt protein, human;0.014474;['Amino Acid, Peptide, or Protein', 'Biologically Active Substance']
2009;calcium;0.011889;['Biologically Active Substance', 'Pharmacologic Substance', 'Element, Ion, or Isotope', 'Inorganic Chemical', 'Laboratory Procedure', 'Vitamin']
2009;memantine;0.010856;['Organic Chemical', 'Pharmacologic Substance']
2009;glycogen synthase kinase 3;0.010339;['Amino Acid, Peptide, or Protein', 'Enzyme']
2009;presenilin-1;0.010339;['Amino Acid, Peptide, or Protein', 'Biologically Active Substance']
2009;fluorodeoxyglucose f18;0.010080;['Organic Chemical', 'Indicator, Reagent, or Diagnostic Aid']
2009;copper;0.010080;['Biologically Active Substance', 'Pharmacologic Substance', 'Element, Ion, or Isotope', 'Laboratory Procedure']
2009;galantamine;0.010080;['Organic Chemical', 'Pharmacologic Substance']
2009;acetylcholinesterase;0.009822;['Amino Acid, Peptide, or Protein', 'Enzyme', 'Laboratory Procedure', 'Gene or Genome']
2009;rivastigmine;0.008788;['Organic Chemical', 'Pharmacologic Substance']
2009;bace1 protein, human;0.008271;['Amino Acid, Peptide, or Protein', 'Enzyme']
2009;glucose;0.007495;['Organic Chemical', 'Biologically Active Substance', 'Pharmacologic Substance', 'Laboratory Procedure']
;;;
2009;amyloid beta-protein precursor;0.007237;['Amino Acid, Peptide, or Protein', 'Biologically Active Substance']
2009;tumor necrosis factor-alpha;0.006979;['Immunologic Factor', 'Amino Acid, Peptide, or Protein', 'Biologically Active Substance']
2009;glial fibrillary acidic protein;0.006720;['Amino Acid, Peptide, or Protein', 'Biologically Active Substance', 'Cell Component', 'Gene or Genome']
2009;2-(4'-(methylamino)phenyl)-6-hydroxybenzothiazole;0.006720;['Organic Chemical']
2009;insulin;0.006203;['Amino Acid, Peptide, or Protein', 'Hormone', 'Pharmacologic Substance', 'Gene or Genome', 'Laboratory Procedure', 'Clinical Attribute']
;;;
2009;alpha-synuclein;0.006203;['Amino Acid, Peptide, or Protein', 'Biologically Active Substance', 'Gene or Genome']
;;;
2009;glutamic acid;0.005686;['Amino Acid, Peptide, or Protein', 'Biologically Active Substance', 'Pharmacologic Substance', 'Laboratory Procedure']
;;;
2009;butyrylcholinesterase;0.005686;['Amino Acid, Peptide, or Protein', 'Enzyme', 'Laboratory Procedure', 'Gene or Genome']
2009;presenilin-2;0.005686;['Amino Acid, Peptide, or Protein', 'Biologically Active Substance']
2009;neprilysin;0.005169;['Amino Acid, Peptide, or Protein', 'Enzyme', 'Gene or Genome']
2009;thioflavin t;0.005169;['Organic Chemical', 'Indicator, Reagent, or Diagnostic Aid']
2009;caspase 3;0.005169;['Amino Acid, Peptide, or Protein', 'Enzyme', 'Gene or Genome']
2009;zinc;0.005169;['Pharmacologic Substance', 'Element, Ion, or Isotope', 'Laboratory Procedure']
2009;acetylcholine;0.004911;['Organic Chemical', 'Biologically Active Substance', 'Pharmacologic Substance', 'Laboratory Procedure']
;;;
;;;
2009;homocysteine;0.004911;['Amino Acid, Peptide, or Protein', 'Biologically Active Substance', 'Laboratory Procedure']
2009;interleukin-6;0.004652;['Immunologic Factor', 'Amino Acid, Peptide, or Protein', 'Laboratory Procedure', 'Pharmacologic Substance', 'Biologically Active Substance']
;;;
2009;glycogen synthase kinase 3 beta;0.004652;['Amino Acid, Peptide, or Protein', 'Enzyme', 'Gene or Genome']
2009;superoxide dismutase;0.004652;['Amino Acid, Peptide, or Protein', 'Enzyme', 'Pharmacologic Substance']
2010;amyloid beta-protein precursor;0.093904;['Amino Acid, Peptide, or Protein']
2010;amyloid beta-protein (1-42);0.055542;['Amino Acid, Peptide, or Protein', 'Biologically Active Substance']
2010;apolipoprotein e4;0.036244;['Amino Acid, Peptide, or Protein', 'Laboratory Procedure']
2010;presenilin-1;0.035302;['Amino Acid, Peptide, or Protein', 'Biologically Active Substance']
;;;
2010;amyloid beta-protein (1-40);0.022594;['Amino Acid, Peptide, or Protein', 'Biologically Active Substance']
;;;
2010;donepezil;0.016474;['Organic Chemical', 'Pharmacologic Substance']
2010;mapt protein, human;0.014121;['Amino Acid, Peptide, or Protein', 'Biologically Active Substance']
2010;presenilin-1;0.014121;['Amino Acid, Peptide, or Protein', 'Biologically Active Substance']
2010;cholesterol;0.013650;['Organic Chemical', 'Biologically Active Substance', 'Laboratory Procedure']
2010;fluorodeoxyglucose f18;0.012944;['Organic Chemical', 'Indicator, Reagent, or Diagnostic Aid']
2010;bace1 protein, human;0.011532;['Amino Acid, Peptide, or Protein', 'Enzyme']
2010;calcium;0.011061;['Biologically Active Substance', 'Pharmacologic Substance', 'Element, Ion, or Isotope', 'Inorganic Chemical', 'Laboratory Procedure', 'Vitamin']
2010;memantine;0.011061;['Organic Chemical', 'Pharmacologic Substance']
2010;glucose;0.009414;['Organic Chemical', 'Biologically Active Substance', 'Pharmacologic Substance', 'Laboratory Procedure']
2010;rivastigmine;0.008943;['Organic Chemical', 'Pharmacologic Substance']
2010;glycogen synthase kinase 3;0.008708;['Amino Acid, Peptide, or Protein', 'Enzyme']
;;;
2010;acetylcholinesterase;0.008237;['Amino Acid, Peptide, or Protein', 'Enzyme', 'Laboratory Procedure', 'Gene or Genome']
2010;alpha-synuclein;0.008237;['Amino Acid, Peptide, or Protein', 'Biologically Active Substance', 'Gene or Genome']
;;;
;;;
2010;caspase 3;0.007060;['Amino Acid, Peptide, or Protein', 'Enzyme', 'Gene or Genome']
2010;amyloid beta-protein precursor;0.006825;['Amino Acid, Peptide, or Protein', 'Biologically Active Substance']
2010;galantamine;0.006825;['Organic Chemical', 'Pharmacologic Substance']
2010;glial fibrillary acidic protein;0.006354;['Amino Acid, Peptide, or Protein', 'Biologically Active Substance', 'Cell Component', 'Gene or Genome']
2010;copper;0.006354;['Biologically Active Substance', 'Pharmacologic Substance', 'Element, Ion, or Isotope', 'Laboratory Procedure']
2010;acetylcholine;0.006119;['Organic Chemical', 'Biologically Active Substance', 'Pharmacologic Substance', 'Laboratory Procedure']
2010;butyrylcholinesterase;0.006119;['Amino Acid, Peptide, or Protein', 'Enzyme', 'Laboratory Procedure', 'Gene or Genome']
2010;presenilin-2;0.006119;['Amino Acid, Peptide, or Protein', 'Biologically Active Substance']
2010;2-(4'-(methylamino)phenyl)-6-hydroxybenzothiazole;0.006119;['Organic Chemical']
2010;brain-derived neurotrophic factor;0.006119;-
2010;amyloid beta-protein (25-35);0.006119;['Amino Acid, Peptide, or Protein', 'Biologically Active Substance']
2010;homocysteine;0.006119;['Amino Acid, Peptide, or Protein', 'Biologically Active Substance', 'Laboratory Procedure']
2010;glutamic acid;0.005884;['Amino Acid, Peptide, or Protein', 'Biologically Active Substance', 'Pharmacologic Substance', 'Laboratory Procedure']
2010;tumor necrosis factor-alpha;0.005884;['Immunologic Factor', 'Amino Acid, Peptide, or Protein', 'Biologically Active Substance']
;;;
2010;iron;0.005178;-
2010;nitric oxide;0.005178;-
2010;glycogen synthase kinase 3 beta;0.005178;['Amino Acid, Peptide, or Protein', 'Enzyme', 'Gene or Genome']
;;;
;;;
2010;thioflavin t;0.004707;['Organic Chemical', 'Indicator, Reagent, or Diagnostic Aid']
2011;amyloid beta-protein precursor;0.086026;['Amino Acid, Peptide, or Protein']
2011;amyloid beta-protein (1-42);0.052151;['Amino Acid, Peptide, or Protein', 'Biologically Active Substance']
2011;presenilin-1;0.030533;['Amino Acid, Peptide, or Protein', 'Biologically Active Substance']
2011;apolipoprotein e4;0.028304;['Amino Acid, Peptide, or Protein', 'Laboratory Procedure']
;;;
2011;amyloid beta-protein (1-40);0.023178;['Amino Acid, Peptide, or Protein', 'Biologically Active Substance']
2011;amyloid beta-protein precursor;0.017829;['Amino Acid, Peptide, or Protein', 'Biologically Active Substance']
2011;presenilin-1;0.015155;['Amino Acid, Peptide, or Protein', 'Biologically Active Substance']
2011;donepezil;0.013818;['Organic Chemical', 'Pharmacologic Substance']
2011;fluorodeoxyglucose f18;0.013595;['Organic Chemical', 'Indicator, Reagent, or Diagnostic Aid']
2011;memantine;0.012480;['Organic Chemical', 'Pharmacologic Substance']
;;;
2011;cholesterol;0.012035;['Organic Chemical', 'Biologically Active Substance', 'Laboratory Procedure']
2011;bace1 protein, human;0.010029;['Amino Acid, Peptide, or Protein', 'Enzyme']
2011;acetylcholinesterase;0.009360;['Amino Acid, Peptide, or Protein', 'Enzyme', 'Laboratory Procedure', 'Gene or Genome']
2011;calcium;0.009138;['Biologically Active Substance', 'Pharmacologic Substance', 'Element, Ion, or Isotope', 'Inorganic Chemical', 'Laboratory Procedure', 'Vitamin']
2011;copper;0.009138;['Biologically Active Substance', 'Pharmacologic Substance', 'Element, Ion, or Isotope', 'Laboratory Procedure']
2011;glycogen synthase kinase 3;0.008915;['Amino Acid, Peptide, or Protein', 'Enzyme']
2011;rivastigmine;0.008692;['Organic Chemical', 'Pharmacologic Substance']
2011;mapt protein, human;0.007577;['Amino Acid, Peptide, or Protein', 'Biologically Active Substance']
;;;
2011;galantamine;0.007355;['Organic Chemical', 'Pharmacologic Substance']
2011;anti-inflammatory agents, non-steroidal;0.006909;['Pharmacologic Substance']
2011;glucose;0.006686;['Organic Chemical', 'Biologically Active Substance', 'Pharmacologic Substance', 'Laboratory Procedure']
2011;drugs, chinese herbal;0.006463;-
2011;tumor necrosis factor-alpha;0.006240;['Immunologic Factor', 'Amino Acid, Peptide, or Protein', 'Biologically Active Substance']
2011;2-(4'-(methylamino)phenyl)-6-hydroxybenzothiazole;0.006240;['Organic Chemical']
2011;brain-derived neurotrophic factor;0.006240;-
2011;glycogen synthase kinase 3 beta;0.006240;['Amino Acid, Peptide, or Protein', 'Enzyme', 'Gene or Genome']
;;;
2011;glial fibrillary acidic protein;0.006017;['Amino Acid, Peptide, or Protein', 'Biologically Active Substance', 'Cell Component', 'Gene or Genome']
2011;zinc;0.006017;['Pharmacologic Substance', 'Element, Ion, or Isotope', 'Laboratory Procedure']
2011;presenilin-2;0.005572;['Amino Acid, Peptide, or Protein', 'Biologically Active Substance']
2011;alpha-synuclein;0.005572;['Amino Acid, Peptide, or Protein', 'Biologically Active Substance', 'Gene or Genome']
2011;iron;0.005349;-
;;;
2011;insulin;0.004903;['Amino Acid, Peptide, or Protein', 'Hormone', 'Pharmacologic Substance', 'Gene or Genome', 'Laboratory Procedure', 'Clinical Attribute']
2011;glutamic acid;0.004903;['Amino Acid, Peptide, or Protein', 'Biologically Active Substance', 'Pharmacologic Substance', 'Laboratory Procedure']
2011;butyrylcholinesterase;0.004903;['Amino Acid, Peptide, or Protein', 'Enzyme', 'Laboratory Procedure', 'Gene or Genome']
2011;curcumin;0.004903;-
2011;caspase 3;0.004903;['Amino Acid, Peptide, or Protein', 'Enzyme', 'Gene or Genome']
2011;clusterin;0.004680;-
2011;thioflavin t;0.004680;['Organic Chemical', 'Indicator, Reagent, or Diagnostic Aid']
;;;
2011;oxygen;0.004680;-
2011;n-methyl-2-(4'-methylaminophenyl)-6-hydroxybenzothiazole;0.004680;-
2011;acetylcholine;0.004457;['Organic Chemical', 'Biologically Active Substance', 'Pharmacologic Substance', 'Laboratory Procedure']
2011;neprilysin;0.004234;['Amino Acid, Peptide, or Protein', 'Enzyme', 'Gene or Genome']
2012;amyloid beta-protein precursor;0.097469;['Amino Acid, Peptide, or Protein']
2012;amyloid beta-protein (1-42);0.055637;['Amino Acid, Peptide, or Protein', 'Biologically Active Substance']
2012;presenilin-1;0.042669;['Amino Acid, Peptide, or Protein', 'Biologically Active Substance']
2012;apolipoprotein e4;0.029701;['Amino Acid, Peptide, or Protein', 'Laboratory Procedure']
;;;
2012;presenilin-1;0.021962;['Amino Acid, Peptide, or Protein', 'Biologically Active Substance']
2012;amyloid beta-protein (1-40);0.020498;['Amino Acid, Peptide, or Protein', 'Biologically Active Substance']
;;;
2012;fluorodeoxyglucose f18;0.014641;['Organic Chemical', 'Indicator, Reagent, or Diagnostic Aid']
2012;bace1 protein, human;0.014223;['Amino Acid, Peptide, or Protein', 'Enzyme']
2012;memantine;0.014014;['Organic Chemical', 'Pharmacologic Substance']
2012;acetylcholinesterase;0.013805;['Amino Acid, Peptide, or Protein', 'Enzyme', 'Laboratory Procedure', 'Gene or Genome']
2012;amyloid beta-protein precursor;0.012968;['Amino Acid, Peptide, or Protein', 'Biologically Active Substance']
2012;donepezil;0.012341;['Organic Chemical', 'Pharmacologic Substance']
2012;glycogen synthase kinase 3;0.011086;['Amino Acid, Peptide, or Protein', 'Enzyme']
2012;mapt protein, human;0.010876;['Amino Acid, Peptide, or Protein', 'Biologically Active Substance']
2012;insulin;0.009831;['Amino Acid, Peptide, or Protein', 'Hormone', 'Pharmacologic Substance', 'Gene or Genome', 'Laboratory Procedure', 'Clinical Attribute']
2012;2-(4'-(methylamino)phenyl)-6-hydroxybenzothiazole;0.009203;['Organic Chemical']
2012;calcium;0.008994;['Biologically Active Substance', 'Pharmacologic Substance', 'Element, Ion, or Isotope', 'Inorganic Chemical', 'Laboratory Procedure', 'Vitamin']
2012;copper;0.008994;['Biologically Active Substance', 'Pharmacologic Substance', 'Element, Ion, or Isotope', 'Laboratory Procedure']
2012;cholesterol;0.008785;['Organic Chemical', 'Biologically Active Substance', 'Laboratory Procedure']
2012;glycogen synthase kinase 3 beta;0.008576;['Amino Acid, Peptide, or Protein', 'Enzyme', 'Gene or Genome']
2012;glucose;0.008576;['Organic Chemical', 'Biologically Active Substance', 'Pharmacologic Substance', 'Laboratory Procedure']
;;;
;;;
2012;zinc;0.006693;['Pharmacologic Substance', 'Element, Ion, or Isotope', 'Laboratory Procedure']
2012;bace1 protein, mouse;0.006693;-
2012;glutamic acid;0.006484;['Amino Acid, Peptide, or Protein', 'Biologically Active Substance', 'Pharmacologic Substance', 'Laboratory Procedure']
2012;presenilin-2;0.006484;['Amino Acid, Peptide, or Protein', 'Biologically Active Substance']
2012;butyrylcholinesterase;0.006275;['Amino Acid, Peptide, or Protein', 'Enzyme', 'Laboratory Procedure', 'Gene or Genome']
2012;glial fibrillary acidic protein;0.006275;['Amino Acid, Peptide, or Protein', 'Biologically Active Substance', 'Cell Component', 'Gene or Genome']
;;;
;;;
2012;alpha-synuclein;0.005647;['Amino Acid, Peptide, or Protein', 'Biologically Active Substance', 'Gene or Genome']
2012;tumor necrosis factor-alpha;0.005438;['Immunologic Factor', 'Amino Acid, Peptide, or Protein', 'Biologically Active Substance']
2012;rivastigmine;0.005229;['Organic Chemical', 'Pharmacologic Substance']
2012;drugs, chinese herbal;0.005229;-
;;;
2012;superoxide dismutase;0.005229;['Amino Acid, Peptide, or Protein', 'Enzyme', 'Pharmacologic Substance']
2012;clusterin;0.005020;-
2012;glutathione;0.005020;-
2012;nitric oxide;0.004602;-
2012;gsk3b protein, mouse;0.004602;-
2012;gsk3b protein, human;0.004602;-
;;;
2012;iron;0.004392;-
2012;curcumin;0.004392;-
;;;
2012;brain-derived neurotrophic factor;0.004392;-
2013;amyloid beta-protein precursor;0.087184;['Amino Acid, Peptide, or Protein']
2013;amyloid beta-protein (1-42);0.057654;['Amino Acid, Peptide, or Protein', 'Biologically Active Substance']
2013;presenilin-1;0.041985;['Amino Acid, Peptide, or Protein', 'Biologically Active Substance']
2013;apolipoprotein e4;0.031137;['Amino Acid, Peptide, or Protein', 'Laboratory Procedure']
;;;
2013;presenilin-1;0.020892;['Amino Acid, Peptide, or Protein', 'Biologically Active Substance']
2013;amyloid beta-protein (1-40);0.018883;['Amino Acid, Peptide, or Protein', 'Biologically Active Substance']
2013;mapt protein, human;0.015066;['Amino Acid, Peptide, or Protein', 'Biologically Active Substance']
2013;acetylcholinesterase;0.014464;['Amino Acid, Peptide, or Protein', 'Enzyme', 'Laboratory Procedure', 'Gene or Genome']
;;;
2013;glycogen synthase kinase 3;0.012053;['Amino Acid, Peptide, or Protein', 'Enzyme']
2013;amyloid beta-protein precursor;0.011852;['Amino Acid, Peptide, or Protein', 'Biologically Active Substance']
2013;fluorodeoxyglucose f18;0.011651;['Organic Chemical', 'Indicator, Reagent, or Diagnostic Aid']
2013;memantine;0.010848;['Organic Chemical', 'Pharmacologic Substance']
2013;donepezil;0.010245;['Organic Chemical', 'Pharmacologic Substance']
2013;calcium;0.009843;['Biologically Active Substance', 'Pharmacologic Substance', 'Element, Ion, or Isotope', 'Inorganic Chemical', 'Laboratory Procedure', 'Vitamin']
2013;bace1 protein, human;0.009442;['Amino Acid, Peptide, or Protein', 'Enzyme']
2013;glycogen synthase kinase 3 beta;0.008839;['Amino Acid, Peptide, or Protein', 'Enzyme', 'Gene or Genome']
;;;
2013;2-(4'-(methylamino)phenyl)-6-hydroxybenzothiazole;0.008638;['Organic Chemical']
2013;cholesterol;0.008638;['Organic Chemical', 'Biologically Active Substance', 'Laboratory Procedure']
2013;brain-derived neurotrophic factor;0.008437;-
2013;glucose;0.008236;['Organic Chemical', 'Biologically Active Substance', 'Pharmacologic Substance', 'Laboratory Procedure']
2013;copper;0.008236;['Biologically Active Substance', 'Pharmacologic Substance', 'Element, Ion, or Isotope', 'Laboratory Procedure']
2013;tumor necrosis factor-alpha;0.007834;['Immunologic Factor', 'Amino Acid, Peptide, or Protein', 'Biologically Active Substance']
2013;alpha-synuclein;0.007634;['Amino Acid, Peptide, or Protein', 'Biologically Active Substance', 'Gene or Genome']
2013;insulin;0.007031;['Amino Acid, Peptide, or Protein', 'Hormone', 'Pharmacologic Substance', 'Gene or Genome', 'Laboratory Procedure', 'Clinical Attribute']
2013;iron;0.006830;-
;;;
2013;glial fibrillary acidic protein;0.006830;['Amino Acid, Peptide, or Protein', 'Biologically Active Substance', 'Cell Component', 'Gene or Genome']
2013;interleukin-1beta;0.006428;-
2013;butyrylcholinesterase;0.006428;['Amino Acid, Peptide, or Protein', 'Enzyme', 'Laboratory Procedure', 'Gene or Genome']
2013;rivastigmine;0.006227;['Organic Chemical', 'Pharmacologic Substance']
;;;
2013;bace1 protein, mouse;0.005625;-
;;;
2013;nf-kappa b;0.005424;-
2013;gsk3b protein, human;0.005424;-
;;;
2013;mapt protein, mouse;0.005223;-
2013;caspase 3;0.005223;['Amino Acid, Peptide, or Protein', 'Enzyme', 'Gene or Genome']
2013;nitric oxide;0.004620;-
2013;streptozocin;0.004620;-
2013;superoxide dismutase;0.004620;['Amino Acid, Peptide, or Protein', 'Enzyme', 'Pharmacologic Substance']
2013;gsk3b protein, mouse;0.004620;-
2013;galantamine;0.004419;['Organic Chemical', 'Pharmacologic Substance']
;;;
2013;blood glucose;0.004419;-
2014;amyloid beta-protein precursor;0.078952;['Amino Acid, Peptide, or Protein']
2014;amyloid beta-protein (1-42);0.063932;['Amino Acid, Peptide, or Protein', 'Biologically Active Substance']
2014;presenilin-1;0.038899;['Amino Acid, Peptide, or Protein', 'Biologically Active Substance']
2014;apolipoprotein e4;0.035240;['Amino Acid, Peptide, or Protein', 'Laboratory Procedure']
2014;presenilin-1;0.023301;['Amino Acid, Peptide, or Protein', 'Biologically Active Substance']
;;;
2014;amyloid beta-protein (1-40);0.018294;['Amino Acid, Peptide, or Protein', 'Biologically Active Substance']
2014;mapt protein, human;0.017331;['Amino Acid, Peptide, or Protein', 'Biologically Active Substance']
2014;amyloid beta-protein precursor;0.015598;['Amino Acid, Peptide, or Protein', 'Biologically Active Substance']
2014;fluorodeoxyglucose f18;0.012902;['Organic Chemical', 'Indicator, Reagent, or Diagnostic Aid']
2014;donepezil;0.012132;['Organic Chemical', 'Pharmacologic Substance']
;;;
2014;glycogen synthase kinase 3;0.011361;['Amino Acid, Peptide, or Protein', 'Enzyme']
2014;acetylcholinesterase;0.010976;['Amino Acid, Peptide, or Protein', 'Enzyme', 'Laboratory Procedure', 'Gene or Genome']
2014;brain-derived neurotrophic factor;0.010013;-
2014;bace1 protein, human;0.009051;['Amino Acid, Peptide, or Protein', 'Enzyme']
2014;cholesterol;0.009051;['Organic Chemical', 'Biologically Active Substance', 'Laboratory Procedure']
2014;memantine;0.008280;['Organic Chemical', 'Pharmacologic Substance']
2014;insulin;0.008280;['Amino Acid, Peptide, or Protein', 'Hormone', 'Pharmacologic Substance', 'Gene or Genome', 'Laboratory Procedure', 'Clinical Attribute']
;;;
;;;
2014;glycogen synthase kinase 3 beta;0.007510;['Amino Acid, Peptide, or Protein', 'Enzyme', 'Gene or Genome']
2014;glucose;0.007318;['Organic Chemical', 'Biologically Active Substance', 'Pharmacologic Substance', 'Laboratory Procedure']
2014;copper;0.007318;['Biologically Active Substance', 'Pharmacologic Substance', 'Element, Ion, or Isotope', 'Laboratory Procedure']
2014;2-(4'-(methylamino)phenyl)-6-hydroxybenzothiazole;0.006932;['Organic Chemical']
2014;calcium;0.006547;['Biologically Active Substance', 'Pharmacologic Substance', 'Element, Ion, or Isotope', 'Inorganic Chemical', 'Laboratory Procedure', 'Vitamin']
2014;alpha-synuclein;0.006547;['Amino Acid, Peptide, or Protein', 'Biologically Active Substance', 'Gene or Genome']
2014;rivastigmine;0.005777;['Organic Chemical', 'Pharmacologic Substance']
2014;presenilin 1, mouse;0.005584;-
2014;florbetapir;0.005392;-
2014;tumor necrosis factor-alpha;0.005392;['Immunologic Factor', 'Amino Acid, Peptide, or Protein', 'Biologically Active Substance']
;;;
;;;
2014;glial fibrillary acidic protein;0.005007;['Amino Acid, Peptide, or Protein', 'Biologically Active Substance', 'Cell Component', 'Gene or Genome']
2014;zinc;0.004814;['Pharmacologic Substance', 'Element, Ion, or Isotope', 'Laboratory Procedure']
2014;trem2 protein, human;0.004622;-
2014;mapt protein, mouse;0.004622;-
2014;glutamic acid;0.004622;['Amino Acid, Peptide, or Protein', 'Biologically Active Substance', 'Pharmacologic Substance', 'Laboratory Procedure']
2014;curcumin;0.004622;-
2014;iron;0.004429;-
2014;galantamine;0.004429;['Organic Chemical', 'Pharmacologic Substance']
2014;bace1 protein, mouse;0.004429;-
2014;nf-kappa b;0.004429;-
2014;clusterin;0.004429;-
2014;caspase 3;0.004429;['Amino Acid, Peptide, or Protein', 'Enzyme', 'Gene or Genome']
2014;n-methyl-2-(4'-methylaminophenyl)-6-hydroxybenzothiazole;0.004236;-
2014;butyrylcholinesterase;0.004236;['Amino Acid, Peptide, or Protein', 'Enzyme', 'Laboratory Procedure', 'Gene or Genome']
2015;amyloid beta-protein precursor;0.077505;['Amino Acid, Peptide, or Protein']
2015;amyloid beta-protein (1-42);0.067743;['Amino Acid, Peptide, or Protein', 'Biologically Active Substance']
2015;presenilin-1;0.042040;['Amino Acid, Peptide, or Protein', 'Biologically Active Substance']
2015;apolipoprotein e4;0.028492;['Amino Acid, Peptide, or Protein', 'Laboratory Procedure']
;;;
2015;presenilin-1;0.024706;['Amino Acid, Peptide, or Protein', 'Biologically Active Substance']
2015;amyloid beta-protein (1-40);0.022514;['Amino Acid, Peptide, or Protein', 'Biologically Active Substance']
2015;amyloid beta-protein precursor;0.022315;['Amino Acid, Peptide, or Protein', 'Biologically Active Substance']
2015;mapt protein, human;0.020323;['Amino Acid, Peptide, or Protein', 'Biologically Active Substance']
2015;fluorodeoxyglucose f18;0.018530;['Organic Chemical', 'Indicator, Reagent, or Diagnostic Aid']
;;;
2015;acetylcholinesterase;0.014545;['Amino Acid, Peptide, or Protein', 'Enzyme', 'Laboratory Procedure', 'Gene or Genome']
2015;donepezil;0.013349;['Organic Chemical', 'Pharmacologic Substance']
2015;glucose;0.010958;['Organic Chemical', 'Biologically Active Substance', 'Pharmacologic Substance', 'Laboratory Procedure']
2015;brain-derived neurotrophic factor;0.010560;-
2015;2-(4'-(methylamino)phenyl)-6-hydroxybenzothiazole;0.009564;['Organic Chemical']
2015;memantine;0.009564;['Organic Chemical', 'Pharmacologic Substance']
2015;bace1 protein, human;0.009364;['Amino Acid, Peptide, or Protein', 'Enzyme']
2015;glycogen synthase kinase 3;0.009165;['Amino Acid, Peptide, or Protein', 'Enzyme']
2015;glycogen synthase kinase 3 beta;0.007770;['Amino Acid, Peptide, or Protein', 'Enzyme', 'Gene or Genome']
;;;
2015;copper;0.007372;['Biologically Active Substance', 'Pharmacologic Substance', 'Element, Ion, or Isotope', 'Laboratory Procedure']
2015;calcium;0.007173;['Biologically Active Substance', 'Pharmacologic Substance', 'Element, Ion, or Isotope', 'Inorganic Chemical', 'Laboratory Procedure', 'Vitamin']
2015;tumor necrosis factor-alpha;0.007173;['Immunologic Factor', 'Amino Acid, Peptide, or Protein', 'Biologically Active Substance']
2015;butyrylcholinesterase;0.007173;['Amino Acid, Peptide, or Protein', 'Enzyme', 'Laboratory Procedure', 'Gene or Genome']
2015;cholesterol;0.006974;['Organic Chemical', 'Biologically Active Substance', 'Laboratory Procedure']
2015;glial fibrillary acidic protein;0.006974;['Amino Acid, Peptide, or Protein', 'Biologically Active Substance', 'Cell Component', 'Gene or Genome']
2015;florbetapir;0.006774;-
2015;insulin;0.006177;['Amino Acid, Peptide, or Protein', 'Hormone', 'Pharmacologic Substance', 'Gene or Genome', 'Laboratory Procedure', 'Clinical Attribute']
;;;
;;;
2015;drugs, chinese herbal;0.005778;-
2015;antibodies, monoclonal, humanized;0.005380;-
2015;bace1 protein, mouse;0.005380;-
2015;curcumin;0.005380;-
2015;zinc;0.005180;['Pharmacologic Substance', 'Element, Ion, or Isotope', 'Laboratory Procedure']
2015;superoxide dismutase;0.005180;['Amino Acid, Peptide, or Protein', 'Enzyme', 'Pharmacologic Substance']
2015;rivastigmine;0.004981;['Organic Chemical', 'Pharmacologic Substance']
;;;
2015;trem2 protein, human;0.004981;-
2015;alpha-synuclein;0.004981;['Amino Acid, Peptide, or Protein', 'Biologically Active Substance', 'Gene or Genome']
2015;nf-kappa b;0.004782;-
2015;galantamine;0.004583;['Organic Chemical', 'Pharmacologic Substance']
2015;acetylcholine;0.004583;['Organic Chemical', 'Biologically Active Substance', 'Pharmacologic Substance', 'Laboratory Procedure']
2015;glutathione;0.004583;-
2015;streptozocin;0.004383;-
2015;gsk3b protein, mouse;0.004383;-
2016;amyloid beta-protein precursor;0.068717;['Amino Acid, Peptide, or Protein']
2016;amyloid beta-protein (1-42);0.053820;['Amino Acid, Peptide, or Protein', 'Biologically Active Substance']
2016;presenilin-1;0.039404;['Amino Acid, Peptide, or Protein', 'Biologically Active Substance']
2016;apolipoprotein e4;0.032196;['Amino Acid, Peptide, or Protein', 'Laboratory Procedure']
;;;
2016;presenilin-1;0.023546;['Amino Acid, Peptide, or Protein', 'Biologically Active Substance']
2016;acetylcholinesterase;0.023066;['Amino Acid, Peptide, or Protein', 'Enzyme', 'Laboratory Procedure', 'Gene or Genome']
2016;mapt protein, human;0.021144;['Amino Acid, Peptide, or Protein', 'Biologically Active Substance']
2016;fluorodeoxyglucose f18;0.020183;['Organic Chemical', 'Indicator, Reagent, or Diagnostic Aid']
2016;amyloid beta-protein (1-40);0.016338;['Amino Acid, Peptide, or Protein', 'Biologically Active Substance']
2016;butyrylcholinesterase;0.015858;['Amino Acid, Peptide, or Protein', 'Enzyme', 'Laboratory Procedure', 'Gene or Genome']
2016;amyloid beta-protein precursor;0.014897;['Amino Acid, Peptide, or Protein', 'Biologically Active Substance']
2016;donepezil;0.014897;['Organic Chemical', 'Pharmacologic Substance']
;;;
2016;glucose;0.011533;['Organic Chemical', 'Biologically Active Substance', 'Pharmacologic Substance', 'Laboratory Procedure']
2016;bace1 protein, human;0.009130;['Amino Acid, Peptide, or Protein', 'Enzyme']
2016;cholesterol;0.008650;['Organic Chemical', 'Biologically Active Substance', 'Laboratory Procedure']
2016;alpha-synuclein;0.008650;['Amino Acid, Peptide, or Protein', 'Biologically Active Substance', 'Gene or Genome']
2016;memantine;0.008650;['Organic Chemical', 'Pharmacologic Substance']
2016;insulin;0.008169;['Amino Acid, Peptide, or Protein', 'Hormone', 'Pharmacologic Substance', 'Gene or Genome', 'Laboratory Procedure', 'Clinical Attribute']
2016;2-(4'-(methylamino)phenyl)-6-hydroxybenzothiazole;0.007208;['Organic Chemical']
2016;calcium;0.006728;['Biologically Active Substance', 'Pharmacologic Substance', 'Element, Ion, or Isotope', 'Inorganic Chemical', 'Laboratory Procedure', 'Vitamin']
2016;glial fibrillary acidic protein;0.006728;['Amino Acid, Peptide, or Protein', 'Biologically Active Substance', 'Cell Component', 'Gene or Genome']
;;;
;;;
;;;
;;;
2016;florbetapir;0.006247;-
2016;trem2 protein, human;0.006247;-
2016;bace1 protein, mouse;0.005766;-
;;;
2016;oxygen;0.005766;-
2016;tacrine;0.005286;-
2016;brain-derived neurotrophic factor;0.005286;-
2016;presenilin-2;0.005286;['Amino Acid, Peptide, or Protein', 'Biologically Active Substance']
2016;copper;0.005286;['Biologically Active Substance', 'Pharmacologic Substance', 'Element, Ion, or Isotope', 'Laboratory Procedure']
2016;resveratrol;0.004805;-
2016;curcumin;0.004805;-
2016;streptozocin;0.004805;-
2016;drugs, chinese herbal;0.004805;-
;;;
2016;clusterin;0.004325;-
2017;acetylcholinesterase;0.163636;['Amino Acid, Peptide, or Protein', 'Enzyme', 'Laboratory Procedure', 'Gene or Genome']
2017;amyloid beta-protein (1-40);0.054545;['Amino Acid, Peptide, or Protein', 'Biologically Active Substance']
2017;tacrine;0.054545;-
;;;
2017;amyloid beta-protein precursor;0.036364;['Amino Acid, Peptide, or Protein']
2017;acetylcholine;0.036364;['Organic Chemical', 'Biologically Active Substance', 'Pharmacologic Substance', 'Laboratory Procedure']
2017;clusterin;0.036364;-
2017;amyloid beta-protein (1-42);0.036364;['Amino Acid, Peptide, or Protein', 'Biologically Active Substance']
2017;copper;0.036364;['Biologically Active Substance', 'Pharmacologic Substance', 'Element, Ion, or Isotope', 'Laboratory Procedure']
2017;butyrylcholinesterase;0.036364;['Amino Acid, Peptide, or Protein', 'Enzyme', 'Laboratory Procedure', 'Gene or Genome']
2017;resveratrol;0.036364;-
;;;
2017;tumor necrosis factor-alpha;0.036364;['Immunologic Factor', 'Amino Acid, Peptide, or Protein', 'Biologically Active Substance']
;;;
2017;donepezil;0.036364;['Organic Chemical', 'Pharmacologic Substance']
2017;bridged bicyclo compounds, heterocyclic;0.018182;-
2017;estrogen receptor alpha;0.018182;-
2017;ache protein, human;0.018182;-
2017;fibrinogen;0.018182;-
2017;riluzole;0.018182;-
2017;serum albumin;0.018182;-
2017;stannic oxide;0.018182;-
;;;
2017;1,1-diphenyl-2-picrylhydrazyl;0.018182;-
2017;ginsenoside rd;0.018182;-
2017;afm protein, human;0.018182;-
2017;mitochondrial permeability transition pore;0.018182;-
;;;
;;;
2017;sodium chloride;0.018182;-
2017;iron;0.018182;-
2017;alpha-2-hs-glycoprotein;0.018182;-
2017;sorl1 protein, human;0.018182;-
2017;cholesterol;0.018182;['Organic Chemical', 'Biologically Active Substance', 'Laboratory Procedure']
2017;poly(3,4-ethylene dioxythiophene);0.018182;-
2017;gold;0.018182;-
2017;thioflavin t;0.018182;['Organic Chemical', 'Indicator, Reagent, or Diagnostic Aid']
2017;neurokinin b;0.018182;-
2017;p2-c protein, fibrinogen;0.018182;-
2017;chlorogenic acid;0.018182;-
2017;presenilin-1;0.018182;['Amino Acid, Peptide, or Protein', 'Biologically Active Substance']
2017;transforming growth factor beta1;0.018182;-
2017;insulin;0.018182;['Amino Acid, Peptide, or Protein', 'Hormone', 'Pharmacologic Substance', 'Gene or Genome', 'Laboratory Procedure', 'Clinical Attribute']
